"COD_ISO";"NOM_PAIS";"NOM_PAIS_EN"
"AR";"Argentina";"Argentina"
"BO";"BolĒvia";"Bolivia"
"BR";"Brasil";"Brazil"
"CL";"Chile";"Chile"
"CO";"Col¶mbia";"Colombia"
"CR";"Costa Rica";"Costa Rica"
"CU";"Cuba";"Cuba"
"DO";"Rep·blica Dominicana";"Dominican Republic"
"EC";"Equador";"Ecuador"
"GT";"Guatemala";"Guatemala"
"HN";"Honduras";"Honduras"
"HT";"Haiti";"Haiti"
"MX";"Mķxico";"Mexico"
"NI";"Nicarßgua";"Nicaragua"
"PA";"Panamß";"Panama"
"PE";"Peru";"Peru"
"PY";"Paraguai";"Paraguay"
"SV";"El Salvador";"El Salvador"
"UY";"Uruguai";"Uruguay"
"VE";"Venezuela";"Venezuela"
